id|empresa
125|Cras Vulputate Limited
126|Et Pede Corporation
127|Iaculis Odio Nam Corporation
128|Nascetur Ridiculus Corp.
129|Felis Ullamcorper Incorporated
130|Auctor Velit Institute
131|Nunc Incorporated
132|Erat Volutpat Nulla Industries
133|Iaculis Nec Eleifend Corp.
134|Vel Vulputate Eu LLP
135|Vitae Corporation
136|Magna Tellus Foundation
137|Vel Company
138|Phasellus Institute
139|Vulputate Eu Odio Corp.
140|Enim Condimentum Eget PC
141|Proin Velit Limited
142|Placerat Inc.
143|A Scelerisque Sed Inc.
144|Ac Incorporated
145|Parturient Montes Nascetur Ltd
146|Ligula Eu Foundation
147|Euismod Ac Fermentum LLC
148|Vitae Erat Vivamus Ltd
149|Lacus Ut Nec Ltd
150|Lectus Sit Amet PC
151|Vel Convallis Associates
152|Vitae Foundation
153|Nec LLP
154|Pharetra Sed LLP
155|Ornare Fusce Mollis Inc.
156|Rhoncus Id Mollis LLC
157|Est Nunc Ullamcorper LLP
158|Ornare Sagittis Felis Inc.
159|Odio A Purus Institute
160|Phasellus Nulla Integer Inc.
161|Interdum Feugiat Sed Inc.
162|Vitae Foundation
163|Ac Sem Associates
164|Nullam Company
165|At Velit Consulting
166|Dolor LLP
167|Vestibulum Massa Rutrum Institute
168|Aliquam Consulting
169|Non Leo Vivamus Institute
170|Tempus Scelerisque Lorem Foundation
171|Euismod Est Arcu Incorporated
172|Volutpat Nulla Corporation
173|Risus Morbi Metus Limited
174|Magna Ut Tincidunt Inc.
175|Etiam Gravida Molestie Corporation
176|Mauris Id Sapien LLP
177|Sociis Natoque Penatibus Limited
178|Quisque Varius Nam PC
179|Lorem Semper Institute
180|Risus Quis Incorporated
181|Cras Lorem Lorem Inc.
182|Ut Aliquam Corporation
183|Diam Pellentesque Habitant PC
184|Vitae Nibh Donec LLP
185|Posuere Vulputate Lacus PC
186|Velit Eget Laoreet Institute
187|Eros Non LLC
188|Nec Ante Limited
189|Nonummy Ipsum Non Foundation
190|Tempus Mauris Erat Inc.
191|Egestas Aliquam Fringilla Company
192|Interdum Industries
193|Posuere Cubilia Curae; Associates
194|Lectus Corporation
195|Eget Metus Eu Institute
196|Proin Eget Odio Consulting
197|Orci In Consequat Associates
198|Commodo Auctor Incorporated
199|Semper Foundation
200|Pulvinar Arcu Corporation
201|Ac Mattis Ornare Inc.
202|Morbi Quis Inc.
203|Ultrices LLP
204|In Condimentum Donec Corp.
205|Porta Elit A LLP
206|Neque In LLC
207|Ipsum Corporation
208|Integer In Magna Corporation
209|Ipsum Cursus Vestibulum Inc.
210|Tristique Pharetra Quisque Consulting
211|Non Hendrerit Id Inc.
212|Enim Non Industries
213|Aliquet Odio Consulting
214|Magnis Dis Inc.
215|Donec Consulting
216|Sem Elit Pharetra Company
217|Vitae Velit Institute
218|Faucibus Corporation
219|Ligula Nullam Foundation
220|Duis Limited
221|Vel Pede Institute
222|Lobortis Class Aptent Industries
223|Mi Aliquam Gravida Corporation
224|Vitae Risus Duis Institute