id|direccion|ciudad|region|codigo_postal
151|P.O. Box 506, 4169 Rutrum Road|Broken Hill|NSW|T7S 8M5
179|3304 Sit St.|Geertruidenberg|Noord Brabant|9051
163|157-9888 Volutpat. Ave|Alingsås|O|B3 8HL
163|903-9189 Sit St.|Berlin|Berlin|10511
192|P.O. Box 465, 6609 At Road|Waitakere|NI|553189
178|P.O. Box 234, 8131 Eleifend Avenue|Luino|LOM|2485
178|678-9007 Amet Avenue|Couthuin|LU|720356
171|718-2574 Fringilla, Road|Murray Bridge|SA|61619
150|P.O. Box 797, 1648 Enim Street|Berlin|Berlin|90249
192|Ap #792-2303 Nulla St.|Sosnowiec|Sląskie|39782
159|P.O. Box 118, 3019 Aliquet Road|Biała Podlaska|LU|77-195
199|3249 Nec, St.|MŽlin|WB|TB16 8US
193|258-2159 Consectetuer Avenue|Nelson|BC|2338
183|5921 Nonummy. Ave|Mantova|LOM|2155
152|9813 Sed Rd.|Town of Yarmouth|NS|08432-211
199|Ap #815-1207 Luctus, Road|Uddevalla|Västra Götalands län|4885
192|Ap #831-8329 Varius Street|Wanganui|NI|302219
172|P.O. Box 373, 4267 Felis. St.|Lagos|Lagos|7655LG
176|P.O. Box 185, 5193 Nisi Road|Floriffoux|NA|02278
161|371-2405 Mi. Rd.|Kaduna|Kaduna|H0 7IS
193|5129 Vestibulum. Avenue|Thorembais-Saint-Trond|Waals-Brabant|80-518
186|469-5500 Ut, St.|Toledo|CM|04360
176|P.O. Box 690, 2536 Quisque St.|Warri|Delta|472884
158|528-504 Molestie. St.|Nijkerk|Gl|0932
177|Ap #850-2302 Facilisis Rd.|Cork|M|52534
192|222-5387 Egestas Ave|Overland Park|Kansas|2540
189|3109 Integer Avenue|Bremen|HB|13969
151|2188 Nisi Rd.|Alcobendas|Madrid|A2X 3A7
183|P.O. Box 817, 6565 Dapibus Rd.|Paine|RM|61111
184|4595 Ut, Avenue|Kano|KN|521519
188|Ap #308-7277 Elit, Rd.|Benalla|Victoria|8890
153|3487 Dapibus Street|Worms|RP|71778
174|132-3457 Mollis. Rd.|Harderwijk|Gelderland|93616
170|P.O. Box 267, 7413 Sodales Street|Emblem|Antwerpen|22111
156|Ap #696-2577 Sit Street|Dandenong|Victoria|06162
158|872-7820 Hendrerit St.|Sosnowiec|SL|4409
176|5251 Proin Av.|Buguma|Rivers|30600
152|520-1954 Mus. Road|Ottawa-Carleton|Ontario|6730CP
151|126-5118 Lorem, St.|Dreux|CE|43127
186|Ap #156-5366 Phasellus Rd.|Bauchi|Bauchi|41611
191|P.O. Box 660, 1443 Fermentum Rd.|Neu-Isenburg|Hesse|9098
186|P.O. Box 230, 1962 Aliquam Avenue|Jundiaí|São Paulo|34416
158|8376 Ac Avenue|Bruderheim|Alberta|8125
169|9016 Lobortis Avenue|Bauchi|BA|879732
192|Ap #668-4348 Auctor Road|Navsari|GJ|71432
176|175-3121 Urna. Avenue|Vienna|Wie|B0 7NS
152|9993 Ante. Av.|Tokoroa|NI|71708
159|P.O. Box 419, 3904 Ante Avenue|Vienna|Vienna|678114
167|9634 Purus St.|Vienna|Vienna|401849
161|753-8742 Ut, St.|Gbongan|OS|10500
177|Ap #802-5751 Id Street|Hines Creek|AB|34208-094
154|P.O. Box 936, 1001 A Street|Racine|WI|98490-786
180|Ap #368-4783 Sit Rd.|San Antonio|San José|4969
172|Ap #379-1753 Libero Rd.|Dublin|Leinster|7044
162|Ap #476-1468 Eget Street|Lang|Saskatchewan|8721
162|P.O. Box 170, 9394 Turpis. Avenue|Appleby|WE|5204
151|Ap #357-2935 Natoque Rd.|Södertälje|AB|364631
168|7216 Commodo Rd.|Boston|MA|46-514
162|672-4623 Nunc Rd.|Luckenwalde|BB|C4W 6L6
154|7569 Etiam Av.|Wyoming|Wyoming|R8S 0E3
186|Ap #933-7023 Lobortis St.|Elsene|Brussels Hoofdstedelijk Gewest|J9W 1H1
194|1426 Sollicitudin Street|Pike Creek|Delaware|813715
166|Ap #612-2575 Fermentum Street|Mansfield-et-Pontefract|QC|428029
151|7065 Mauris. Street|Dublin|L|26301
190|Ap #605-2706 Pede, Ave|New Haven|CT|R8X 9X2
180|8759 Eu Rd.|Bellevue|NE|1488MO
156|893-8719 Dictum Road|Berlin|BE|72482
160|Ap #400-4819 Id St.|Bourges|CE|44490
172|2595 Condimentum St.|Dublin|Leinster|233369
154|6524 Ac, Avenue|Belfast|Ulster|40100
155|7059 Magna St.|Gliwice|Sląskie|357547
155|P.O. Box 988, 5039 Praesent St.|Hamburg|HH|31507
177|Ap #193-3189 Vehicula Street|Tranås|F|7516
197|8247 Ligula. Street|Tumba|AB|1359
170|Ap #298-3354 Fusce St.|Belfast|Ulster|8372
150|P.O. Box 795, 8542 Malesuada Ave|Lauro de Freitas|Bahia|43999
168|Ap #257-2160 Vitae, Road|Zaria|Kaduna|9970
155|112-9305 Lacus. St.|Kalisz|WP|AD3 1PK
158|P.O. Box 605, 2823 Eget St.|Wilmont|ON|509242
182|619 Sociis Rd.|Rotorua|NI|84205
154|9701 Facilisis. Road|Hamme|VB|31598-690
178|Ap #154-9378 Iaculis Street|Barcelona|Catalunya|50606
170|Ap #754-2516 Pellentesque Avenue|Richmond Hill|ON|52600
171|Ap #740-2867 Dui, Ave|Almere|Flevoland|3653
198|350 Imperdiet Avenue|Dublin|L|66755
169|P.O. Box 277, 6301 Nec Street|Tillicoultry|Clackmannanshire|494911
193|7231 Gravida Av.|Hamburg|HH|4821
150|434-3736 Quis Road|Orilla|ON|97679-502
186|5178 Quis Rd.|Zaragoza|AR|28969
183|Ap #686-2986 Phasellus Rd.|Fishguard|PE|851824
165|977-2400 Iaculis Avenue|Camaragibe|Pernambuco|307998
168|P.O. Box 420, 983 Et Ave|Tay|Ontario|0283QY
196|Ap #155-7203 Tellus Avenue|St. Catharines|ON|28007
183|P.O. Box 785, 4663 Egestas Street|Victor Harbor|South Australia|08-954
174|P.O. Box 303, 6054 Et, Rd.|Belgrave|VIC|24902-093
168|P.O. Box 316, 810 Pellentesque St.|Värnamo|F|06568
175|450-3836 Dictum Rd.|Westmount|Quebec|6247
160|605-1997 Vel Avenue|Enkhuizen|Noord Holland|5671
163|Ap #949-7684 Placerat, Street|Anjou|Quebec|81487
150|218-6246 Nunc, Rd.|Melville|Western Australia|86487-605
134|Ap #753-6856 Dis Rd.|Dallas|Texas|71414
157|Ap #730-6879 At St.|Hamburg|Hamburg|39976
157|Ap #306-3496 Feugiat. Avenue|Terneuzen|Zl|908392
160|410-9173 Ut, St.|Berwick-upon-Tweed|Northumberland|9785
143|8883 Lobortis Rd.|Orangeville|ON|K8Y 1Y7
153|3805 Enim. Av.|Ankara|Ankara|8139
138|713-6108 Consequat Rd.|Grezzana|VEN|837172
159|P.O. Box 949, 8857 Erat Ave|Georgia|GA|00339
141|559-7789 Non Rd.|Te Puke|North Island|W77 3LK
159|Ap #477-8069 Vitae Rd.|Derby|Derbyshire|442729
133|Ap #763-9616 Ac Rd.|Middelburg|Zl|59517
127|Ap #182-9348 Eget Ave|Rodez|Midi-Pyrénées|FM3 8TA
142|4775 Vel Street|Pınarbaşı|Kayseri|7809
129|Ap #468-8340 Orci, Av.|Jerez de la Frontera|AN|260310
135|P.O. Box 344, 3503 Justo. Ave|Jonesboro|Arkansas|18083
128|4589 Mus. Rd.|Alajuelita|SJ|87-089
148|6693 Consequat Rd.|Ełk|Warmińsko-mazurskie|8086
155|P.O. Box 263, 8542 Pellentesque Av.|Dreux|Centre|1064
149|616-2362 Proin St.|San Rafael|A|634056
143|P.O. Box 347, 9271 Quisque Av.|Pabianice|LD|12839
125|7267 Adipiscing Av.|Radom|MA|7168
144|7229 Turpis. Rd.|Jönköping|Jönköpings län|W0 7NR
155|158-768 Enim Road|Talagante|Metropolitana de Santiago|27561
137|497-4137 Maecenas Avenue|Port Harcourt|Rivers|N9M 3W1
145|Ap #654-3397 In St.|La Seyne-sur-Mer|PR|JZ0V 5VY
147|P.O. Box 110, 7315 Etiam Rd.|San Lorenzo Nuovo|LAZ|6782
150|7716 Leo, Ave|Nova Iguaçu|RJ|3213
147|145-7938 Nec, Street|Lens|Nord-Pas-de-Calais|8227
160|1018 Nunc St.|Belford Roxo|Rio de Janeiro|1290
160|642-4725 Sociosqu St.|Galway|C|72238
153|P.O. Box 379, 4416 Ullamcorper. Avenue|Malbaie|QC|428577
132|Ap #506-8105 Mauris Rd.|Ranchi|Jharkhand|26309
156|723-6575 At St.|Kalisz|WP|60526
146|350-7560 Et St.|Parla|MA|13412-879
138|P.O. Box 872, 4331 Egestas. St.|Colombo|PR|H7K 9R6
158|P.O. Box 818, 301 In, St.|Kano|KN|89846
146|980-1510 Mollis Street|Richmond|QC|14475
141|8922 Eget Avenue|San José de Alajuela|Alajuela|60546
133|426-5867 Arcu Street|Tczew|PM|320699
127|515-4093 Felis St.|Parla|Madrid|5043CC
156|724-5714 Cursus. Rd.|Jammu|JK|HP6C 6UT
154|367 Tincidunt Street|Hindupur|AP|5262
146|732-255 Dignissim Street|Berlin|BE|80385
147|P.O. Box 447, 6742 Dictum Rd.|Winchester|Hampshire|3254TW
139|Ap #500-8484 Proin Rd.|Kirriemuir|Angus|93182
146|P.O. Box 715, 1488 Velit. St.|Hindupur|Andhra Pradesh|R24 8IB
152|505-8521 Ipsum Ave|San Miguel|RM|40919
156|Ap #459-1588 Ullamcorper Rd.|Galway|Connacht|82928
145|862-5995 Cras Rd.|Wetaskiwin|Alberta|1199
130|670-4407 Convallis St.|Cleveland|Ohio|31354
148|P.O. Box 497, 9423 Est St.|Knighton|Radnorshire|194526
128|401 In Road|Te Puke|NI|TH9 1VP
132|279-2799 Ligula. St.|Provo|Utah|6868
130|772-7763 Consequat St.|Terneuzen|Zl|886049
138|P.O. Box 276, 4014 Integer St.|Savannah|GA|717140
138|2582 Ac Rd.|Edmonton|Alberta|056901
148|P.O. Box 963, 5226 Donec Rd.|Stamford|Lincolnshire|40285
154|974-2119 Vulputate, Rd.|Funtua|KT|882343
126|Ap #171-6025 Blandit Ave|Minna|NI|97574
131|8700 Nunc Road|Clearwater Municipal District|Alberta|65221
135|5025 Sit Rd.|Feira de Santana|Bahia|694206
150|6307 Ut St.|Vitry-sur-Seine|Île-de-France|96856
135|Ap #445-7100 Nulla. Ave|Oderzo|Veneto|4992
157|P.O. Box 536, 318 Id Av.|Bury St. Edmunds|SF|9732
158|Ap #499-3098 Ligula Av.|Bloomington|MN|533556
154|3550 Ipsum Rd.|Bama|BO|502294
133|P.O. Box 344, 3292 Tempus Street|Provo|UT|93636
127|6655 Taciti Street|Istanbul|Ist|5350
153|7021 Enim. Avenue|Åkersberga|AB|3424
133|Ap #784-1839 Tempor Road|Gonda|Uttar Pradesh|01-668
142|8741 Dolor. Street|Kapolei|Hawaii|354187
140|971-5188 Ut Road|Dorval|Quebec|G7Z 8Y0
140|P.O. Box 272, 6084 Sem, St.|Rangiora|SI|07532
148|3985 Nam Rd.|Lisieux|BA|910159
157|P.O. Box 658, 3507 Vel, St.|Wadgassen|SL|DH0T 0BD
144|154-3824 Commodo St.|Drancy|Île-de-France|3838
151|P.O. Box 217, 3400 Sit Av.|Vienna|Wie|81294
140|7411 Sem St.|Sedgewick|Alberta|35522
160|Ap #878-6121 Penatibus St.|Mobile|Alabama|45616
159|P.O. Box 771, 9128 A Street|Motala|Östergötlands län|1768
143|Ap #935-4469 Tellus Road|Tirupati|AP|21122
151|Ap #812-7978 Nonummy. Road|Ludwigsburg|Baden|33753-003
139|959-511 Sit St.|Guadalajara|Castilla - La Mancha|6307
151|3993 Congue, St.|Stargard Szczeciński|Zachodniopomorskie|71171-351
132|793-472 Mus. St.|Albany|WA|K9N 3T8
143|348-9247 Mauris Av.|Katsina|KT|N7B 0E3
157|P.O. Box 694, 6395 Ultricies Street|Uddevalla|O|83457
152|6796 Proin St.|Forbach|Lorraine|33872
127|Ap #557-7617 Nec St.|Dublin|Leinster|51304
150|945-4366 Ac Rd.|Belfast|U|22522
151|863-1611 Nibh. Rd.|Tczew|Pomorskie|04770
151|469-380 Vulputate, Avenue|Minto|ON|27291
160|P.O. Box 678, 7386 Est St.|Onitsha|Anambra|1680
141|Ap #866-7156 Libero Street|Cartago|Cartago|30400
153|Ap #793-6441 Tincidunt St.|Québec City|Quebec|07359
131|Ap #128-3736 Nulla. St.|Leersum|Utrecht|8841
140|2793 Lorem, Ave|Neunkirchen|NÖ.|32066
148|7858 Vel, Ave|Algarrobo|V|57712-710
147|6272 Erat Street|Drancy|Île-de-France|45-326
137|P.O. Box 853, 4053 Nunc St.|Bauchi|BA|K3E 8G9
156|799-1976 Magna. St.|Melsbroek|VB|8072
221|6170 Magna. Rd.|Kitchener|Ontario|5857
223|P.O. Box 649, 3244 Curabitur Av.|Ipís|San José|3170
183|P.O. Box 459, 5353 Eu, Road|Perpignan|LA|848409
189|2727 Neque St.|Jerez de la Frontera|AN|58366
210|P.O. Box 500, 104 Quis St.|Dublin|L|287441
195|P.O. Box 871, 4728 Quis, Avenue|Calle Blancos|SJ|9367
189|1346 Turpis. St.|Galway|Connacht|7401
198|5979 Vitae, Rd.|Vanderhoof|British Columbia|60275
150|Ap #356-9688 Donec Street|Quarona|PIE|9005
151|283-885 Orci Rd.|Vienna|Wie|03112
222|467-1027 Tellus Street|Pirque|Metropolitana de Santiago|97306
213|493 Luctus Ave|Quesada|A|21509
173|8435 Ante St.|San Nicolás|C|31907
155|119 Lacus. Avenue|Schwäbisch Gmünd|BW|N5N 3T5
221|P.O. Box 642, 6748 Eget, Road|Fréjus|PR|94792
218|P.O. Box 683, 4050 Odio Avenue|Anglet|Aquitaine|12184
166|P.O. Box 411, 7244 Ut Avenue|Hastings|SS|4279DW
210|P.O. Box 932, 9587 Iaculis Av.|Belfast|Ulster|02572
170|Ap #421-4592 Pretium Ave|Cork|M|797411
165|P.O. Box 937, 6364 Cubilia Av.|Vitória da Conquista|Bahia|E9C 0P6
216|1613 Proin St.|Utrecht|U.|914434
203|265-7062 Non St.|St. Catharines|ON|38711-058
187|P.O. Box 461, 3737 Odio Avenue|Vienna|Wie|U3 8MU
220|2003 Donec Avenue|Boise|Idaho|42003
190|P.O. Box 889, 1497 Metus. Rd.|Tirrases|San José|35481
180|3693 A, Av.|Didim|Ayd|804217
175|P.O. Box 208, 5412 Mauris. Rd.|Bundaberg|Queensland|3459
163|2336 In Ave|Valera Fratta|LOM|41506
177|Ap #930-7180 Nec Ave|Grey County|ON|37164
209|P.O. Box 580, 8200 Dictum Road|Liverpool|LA|9481
170|8823 Imperdiet, Road|Bremerhaven|HB|15718
224|837-9562 In Rd.|Roosendaal|Noord Brabant|27953
156|P.O. Box 249, 6140 Imperdiet Rd.|Pabianice|łódzkie|76067
174|P.O. Box 761, 7220 Ut, Av.|Richmond|VA|66986
177|9692 Non, Ave|Gonda|UP|08319
193|991-8895 Lorem Street|Gijón|Principado de Asturias|838663
174|5926 Duis Ave|Dublin|L|43873
180|Ap #926-6091 Vivamus Rd.|Bismil|Diy|3111II
166|5878 Vulputate Street|Vanier|Ontario|31-955
178|P.O. Box 919, 7566 Enim. Road|Tarnów|MP|34158
155|3280 Morbi Av.|Warren|Michigan|964628
184|8120 Diam Road|Olympia|Washington|P1R 4E8
179|Ap #563-498 Nulla. St.|Avesta|W|53579
199|P.O. Box 874, 6248 Ante St.|Laon|Picardie|7778
192|Ap #362-4984 Dapibus Ave|Kano|KN|90323
170|P.O. Box 802, 8320 Nisl. Av.|Waiuku|North Island|43800
154|869-6191 Est, Street|Ried im Innkreis|OÖ.|35105-201
154|Ap #548-7782 Donec Av.|Opoeteren|L.|9776
161|650-4681 Urna Rd.|Waalwijk|N.|930128
152|P.O. Box 719, 4295 Turpis St.|Baton Rouge|Louisiana|097837
181|3195 Torquent Rd.|Istanbul|Istanbul|7196
184|P.O. Box 894, 2034 Ante. St.|Lexington|Kentucky|10776
172|P.O. Box 629, 8983 Scelerisque, Ave|Milwaukee|Wisconsin|61713
168|Ap #837-6472 Arcu Av.|Funtua|Katsina|FO14 8QS
201|Ap #172-7128 Risus. Rd.|New Orleans|Louisiana|4608
214|933-893 Neque Ave|Kendal|Westmorland|399188
216|3313 Vitae Av.|Palma de Mallorca|Illes Balears|7873
193|Ap #328-5750 At, Street|Colomiers|MI|56629-685
155|Ap #883-9807 Sed St.|Winchester|Hampshire|50493
214|5739 Proin Road|Gijón|Principado de Asturias|97543
195|Ap #414-4446 Aliquam Street|Wells|SO|83375
167|1305 Auctor. St.|Owerri|Imo|066022
170|P.O. Box 810, 6080 Leo, St.|Orlando|FL|1906
151|P.O. Box 868, 4342 Duis Road|Berlin|BE|40703
163|Ap #334-7527 Id St.|Vienna|Wie|43434
201|Ap #669-1437 Nunc Street|New Plymouth|NI|202093
211|Ap #256-1032 Vestibulum St.|Susegana|Veneto|58053
166|P.O. Box 689, 9272 Magna Av.|Deschambault|Quebec|8803
222|Ap #221-239 Massa St.|Lo Prado|RM|658909
213|490-2245 Nam Road|Opole|OP|01938
176|731-6795 Pharetra St.|Vienna|Vienna|71-133
168|Ap #747-6905 Tempus Avenue|Preston|Lancashire|55749
175|109-3429 Cras Avenue|Dos Hermanas|AN|68225
210|P.O. Box 512, 7795 Metus Ave|Belford Roxo|Rio de Janeiro|61519
214|337-2663 Nascetur Ave|Kano|KN|99596
186|Ap #825-972 Nulla. Av.|Kallo|OV|81243-197
171|P.O. Box 906, 4610 Id, Street|Salamanca|Castilla y León|Y7B 7V0
193|Ap #308-781 Sagittis Avenue|Lagos|Lagos|5612
155|P.O. Box 746, 1856 Per Av.|Moffat|Dumfriesshire|53957
157|Ap #246-1951 Ipsum St.|Minna|Niger|680157
191|P.O. Box 226, 7198 Mauris St.|Quesada|A|435712
169|Ap #211-8790 Dictum. St.|Las Palmas|Canarias|46831
202|P.O. Box 463, 5234 Euismod Rd.|Houston|BC|23650
224|205-2374 Eleifend Av.|Piracicaba|São Paulo|25507
180|228-8157 Non Avenue|Dublin|Leinster|41417
215|Ap #188-5417 Venenatis Road|Mandasor|Madhya Pradesh|78877
155|7055 In Road|Vienna|Vienna|52786
151|6817 Curabitur Avenue|Roosendaal|N.|33112
200|Ap #895-148 Metus. St.|Ribeirão das Neves|MG|33970
186|Ap #669-4156 Ac Rd.|Şanlıurfa|Şanlıurfa|7023
186|Ap #142-2815 Aenean Road|Kraków|MP|89410
218|491-6744 At Avenue|Kalisz|WP|1589
195|109-5917 Mauris Road|Georgia|GA|B8E 7B2
205|Ap #725-3977 Sed St.|Okpoko|AN|642759
195|690-824 Non, St.|Merrickville-Wolford|Ontario|41817
190|Ap #586-2556 In Avenue|Macerata|Marche|A7Z 2R4